engine,malicious,non_undetected,malicious_rate
MicroWorld-eScan,858,858,1.0
Tencent,831,831,1.0
alibabacloud,811,811,1.0
Cynet,779,779,1.0
huorong,750,750,1.0
Avira,746,746,1.0
F-Secure,726,726,1.0
AhnLab-V3,634,634,1.0
Antiy-AVL,614,614,1.0
Avast-Mobile,608,608,1.0
K7GW,368,368,1.0
NANO-Antivirus,354,354,1.0
Gridinsoft,113,113,1.0
McAfee,101,101,1.0
Ad-Aware,43,43,1.0
BitDefenderTheta,31,31,1.0
ViRobot,22,22,1.0
K7AntiVirus,4,4,1.0
Comodo,4,4,1.0
Microsoft,863,864,0.9988425925925926
Lionic,825,826,0.9987893462469734
VIPRE,822,823,0.9987849331713244
TrendMicro-HouseCall,762,763,0.9986893840104849
Fortinet,820,822,0.9975669099756691
Kingsoft,577,579,0.9965457685664939
Google,823,826,0.9963680387409201
Sophos,797,800,0.99625
ESET-NOD32,821,825,0.9951515151515151
Emsisoft,852,857,0.9941656942823804
Ikarus,844,849,0.9941107184923439
Jiangmin,506,509,0.9941060903732809
ZoneAlarm,449,452,0.9933628318584071
Arcabit,835,841,0.9928656361474435
Sangfor,620,625,0.992
ALYac,847,854,0.9918032786885246
CTX,781,788,0.9911167512690355
GData,855,863,0.9907300115874855
FireEye,104,105,0.9904761904761905
Rising,820,828,0.9903381642512077
DrWeb,817,825,0.9903030303030304
TrendMicro,726,735,0.9877551020408163
MAX,70,71,0.9859154929577465
Varist,800,812,0.9852216748768473
BitDefender,843,857,0.9836639439906651
Symantec,836,851,0.982373678025852
Kaspersky,804,819,0.9816849816849816
ClamAV,673,686,0.9810495626822158
Elastic,559,573,0.9755671902268761
Xcitium,75,77,0.974025974025974
Avast,797,825,0.9660606060606061
AVG,797,825,0.9660606060606061
Cyren,26,27,0.9629629629629629
McAfee-GW-Edition,42,44,0.9545454545454546
Panda,30,32,0.9375
MaxSecure,237,253,0.9367588932806324
CAT-QuickHeal,261,279,0.9354838709677419
TrellixENS,370,396,0.9343434343434344
Skyhigh,531,574,0.9250871080139372
Zillya,274,300,0.9133333333333333
VirIT,186,237,0.7848101265822784
Yandex,10,13,0.7692307692307693
SentinelOne,319,832,0.38341346153846156
VBA32,2,12,0.16666666666666666
McAfeeD,9,73,0.1232876712328767
SymantecMobileInsight,1,864,0.0011574074074074073
Webroot,0,867,0.0
Trustlook,0,867,0.0
Paloalto,0,867,0.0
Cylance,0,867,0.0
BitDefenderFalx,0,867,0.0
Alibaba,0,867,0.0
APEX,0,866,0.0
Trapmine,0,865,0.0
tehtris,0,826,0.0
DeepInstinct,0,821,0.0
CrowdStrike,0,49,0.0
Cybereason,0,46,0.0
Bkav,0,13,0.0
Malwarebytes,0,6,0.0
eGambit,0,2,0.0
Baidu,0,2,0.0
